site_id,lat,lon,sector,catalog_years_seen,facility_name,operator,industrial_context,provenance,confirmation_status,matched_firms_detections,detection_years,suitable_hard_negative,notes
VNF:2024:243,36.883,6.961,flare gas downstream,3,Skikda GL1K LNG liquefaction complex,Sonatrach,"LNG export terminal (10 Mt/y) + petrochemical complex, operating since early 1970s; routine flaring",VNF 2024 catalog https://eogdata.mines.edu/global_flare_data/VIIRS_Global_flaring_d.7_slope_0.029353_2024_v20240730_web_IDmatch.xlsx + Sonatrach GL1K page https://sonatrach.com/en/complex-gl1k/,CONFIRMED,41,2026,yes,"Gas-downstream sector matches LNG; 41 FIRMS detections (all non-fire) within 1 km at night"
VNF:2024:242,36.879,6.947,flare gas downstream,5,Skikda GL1K LNG liquefaction complex,Sonatrach,"LNG export terminal + petrochemical complex; same GL1K site as :243 (adjacent flare stacks)",VNF 2024 catalog (see above) + Sonatrach GL1K page,CONFIRMED,135,2026,yes,"135 referencing rows (92 non-fire + 43 uncertain day/ring); persistent 5/5 catalog years"
VNF:2024:239,36.870,6.982,flare oil downstream,5,Skikda RA2K condensate refinery,Sonatrach,"Largest refinery in Africa (~46 ha); atmospheric flaring from refining units",VNF 2024 catalog + Sonatrach energy map (SKIKDA CONDENSATE REFINERY-RA2K) https://sonatrach.com/wp-content/uploads/2025/06/ENERGY-MAP-OF-ALGERIA-1-4.pdf,CONFIRMED,260,2026,yes,"Oil-downstream sector matches refinery; highest matched-row count of the northern pool"
VNF:2024:236,36.682,3.123,flare oil downstream,5,Algiers RA1G refinery (Sidi Arcine/Baraki),Sonatrach,"Oil refinery east of Algiers (182-200 ha, operating since 1964, rehab 2019); VNF site ~1.2 km from published refinery coordinates 36.67184N 3.12752E — consistent with VIIRS geolocation + facility extent",VNF 2024 catalog + mapcarta Baraki TRC site + Sonatrach refining page https://sonatrach.com/en/refining-petrochemicals/,CONFIRMED,88,2026,yes,"61 non-fire + 27 uncertain referencing rows; only Algiers-province hard-negative anchor"
VNF:2024:235,36.831,-0.305,flare oil downstream,5,Arzew/Bethioua refining complex,Sonatrach,"Refinery colocated with GL1Z/GL2Z LNG at Bethioua, ~40 km east of Oran",VNF 2024 catalog + Sonatrach GL1Z/GL2Z pages,CONFIRMED,0,,yes,"Zero matched FIRMS detections in current pulls — ground truth stands independent of matches; suitable (unmatched, not unconfirmed)"
VNF:2024:234,36.825,-0.325,flare oil downstream,5,Arzew/Bethioua refining complex,Sonatrach,"Refinery colocated with GL1Z/GL2Z LNG at Bethioua",VNF 2024 catalog + Sonatrach GL1Z/GL2Z pages,CONFIRMED,57,2026,yes,"8 non-fire + 49 uncertain referencing rows"
VNF:2024:240,36.815,-0.270,flare gas downstream,5,Arzew GL2Z LNG liquefaction terminal,Sonatrach,"LNG trains (17.8 Mm3/y); VNF site ~1 km from independently published plant coordinates 35.81N -0.259678E",VNF 2024 catalog + Global Energy Observatory geoid 46448,CONFIRMED,93,2026,yes,"76 non-fire + 17 uncertain referencing rows; independent coordinate cross-check passes"
VNF:2024:241,36.810,-0.256,flare gas downstream,5,Arzew GL1Z/GL2Z LNG terminals,Sonatrach,"World's largest single-site LNG export terminal (12-13 trains); first Algerian LNG for export historically",VNF 2024 catalog + Sonatrach GL1Z page https://sonatrach.com/en/complex-gl1z/,CONFIRMED,207,2026,yes,"102 non-fire + 105 uncertain referencing rows; sector + persistence + facility all agree"
VNF:2024:8,35.213,1.378,flare upstream,5,unknown — no operating facility identified,Unknown,"VNF reports an upstream-type combustion source seen 5/5 catalog years near Tiaret province; research found no operating oil/gas asset at these coordinates (the Tiaret refinery project was planned then reported at risk of abandonment; no production facility documented)",VNF 2024 catalog ONLY — no corroborating facility source found,UNCONFIRMED,0,,no,"Per rule 3: an unconfirmed thermal anomaly is NOT converted into a negative. Kept in catalog, excluded from hard-negative use; candidate for future field/literature follow-up"
